Label,URI,Parent URI,Sort Priority,Description,Local Notation
NUTS,http://gss-data.org.uk/data/gss_data/trade/international-trade-in-services-by-subnational-areas-of-the-uk#concept-scheme/location/nuts,,0,,nuts
UK Government Statistical Geographies,http://gss-data.org.uk/data/gss_data/trade/international-trade-in-services-by-subnational-areas-of-the-uk#concept-scheme/location/statistical-geographies,,1,,statistical-geographies
NORTH EAST (ENGLAND),http://data.europa.eu/nuts/code/UKC,http://gss-data.org.uk/data/gss_data/trade/international-trade-in-services-by-subnational-areas-of-the-uk#concept-scheme/location/nuts,2,,UKC
NORTH WEST (ENGLAND),http://data.europa.eu/nuts/code/UKD,http://gss-data.org.uk/data/gss_data/trade/international-trade-in-services-by-subnational-areas-of-the-uk#concept-scheme/location/nuts,3,,UKD
YORKSHIRE AND THE HUMBER,http://data.europa.eu/nuts/code/UKE,http://gss-data.org.uk/data/gss_data/trade/international-trade-in-services-by-subnational-areas-of-the-uk#concept-scheme/location/nuts,4,,UKE
EAST MIDLANDS (ENGLAND),http://data.europa.eu/nuts/code/UKF,http://gss-data.org.uk/data/gss_data/trade/international-trade-in-services-by-subnational-areas-of-the-uk#concept-scheme/location/nuts,5,,UKF
WEST MIDLANDS (ENGLAND),http://data.europa.eu/nuts/code/UKG,http://gss-data.org.uk/data/gss_data/trade/international-trade-in-services-by-subnational-areas-of-the-uk#concept-scheme/location/nuts,6,,UKG
EAST OF ENGLAND,http://data.europa.eu/nuts/code/UKH,http://gss-data.org.uk/data/gss_data/trade/international-trade-in-services-by-subnational-areas-of-the-uk#concept-scheme/location/nuts,7,,UKH
LONDON,http://data.europa.eu/nuts/code/UKI,http://gss-data.org.uk/data/gss_data/trade/international-trade-in-services-by-subnational-areas-of-the-uk#concept-scheme/location/nuts,8,,UKI
SOUTH EAST (ENGLAND),http://data.europa.eu/nuts/code/UKJ,http://gss-data.org.uk/data/gss_data/trade/international-trade-in-services-by-subnational-areas-of-the-uk#concept-scheme/location/nuts,9,,UKJ
SOUTH WEST (ENGLAND),http://data.europa.eu/nuts/code/UKK,http://gss-data.org.uk/data/gss_data/trade/international-trade-in-services-by-subnational-areas-of-the-uk#concept-scheme/location/nuts,10,,UKK
WALES,http://data.europa.eu/nuts/code/UKL,http://gss-data.org.uk/data/gss_data/trade/international-trade-in-services-by-subnational-areas-of-the-uk#concept-scheme/location/nuts,11,,UKL
SCOTLAND,http://data.europa.eu/nuts/code/UKM,http://gss-data.org.uk/data/gss_data/trade/international-trade-in-services-by-subnational-areas-of-the-uk#concept-scheme/location/nuts,12,,UKM
NORTHERN IRELAND,http://data.europa.eu/nuts/code/UKN,http://gss-data.org.uk/data/gss_data/trade/international-trade-in-services-by-subnational-areas-of-the-uk#concept-scheme/location/nuts,13,,UKN
UNITED KINGDOM,http://data.europa.eu/nuts/code/UK,http://gss-data.org.uk/data/gss_data/trade/international-trade-in-services-by-subnational-areas-of-the-uk#concept-scheme/location/nuts,14,,UK
Tees Valley and Durham,http://data.europa.eu/nuts/code/UKC1,http://gss-data.org.uk/data/gss_data/trade/international-trade-in-services-by-subnational-areas-of-the-uk#concept-scheme/location/nuts,15,,UKC1
Northumberland and Tyne and Wear,http://data.europa.eu/nuts/code/UKC2,http://gss-data.org.uk/data/gss_data/trade/international-trade-in-services-by-subnational-areas-of-the-uk#concept-scheme/location/nuts,16,,UKC2
Cumbria,http://data.europa.eu/nuts/code/UKD1,http://gss-data.org.uk/data/gss_data/trade/international-trade-in-services-by-subnational-areas-of-the-uk#concept-scheme/location/nuts,17,,UKD1
Greater Manchester,http://data.europa.eu/nuts/code/UKD3,http://gss-data.org.uk/data/gss_data/trade/international-trade-in-services-by-subnational-areas-of-the-uk#concept-scheme/location/nuts,18,,UKD3
Lancashire,http://data.europa.eu/nuts/code/UKD4,http://gss-data.org.uk/data/gss_data/trade/international-trade-in-services-by-subnational-areas-of-the-uk#concept-scheme/location/nuts,19,,UKD4
Cheshire,http://data.europa.eu/nuts/code/UKD6,http://gss-data.org.uk/data/gss_data/trade/international-trade-in-services-by-subnational-areas-of-the-uk#concept-scheme/location/nuts,20,,UKD6
Merseyside,http://data.europa.eu/nuts/code/UKD7,http://gss-data.org.uk/data/gss_data/trade/international-trade-in-services-by-subnational-areas-of-the-uk#concept-scheme/location/nuts,21,,UKD7
East Yorkshire and Northern Lincolnshire,http://data.europa.eu/nuts/code/UKE1,http://gss-data.org.uk/data/gss_data/trade/international-trade-in-services-by-subnational-areas-of-the-uk#concept-scheme/location/nuts,22,,UKE1
North Yorkshire,http://data.europa.eu/nuts/code/UKE2,http://gss-data.org.uk/data/gss_data/trade/international-trade-in-services-by-subnational-areas-of-the-uk#concept-scheme/location/nuts,23,,UKE2
South Yorkshire,http://data.europa.eu/nuts/code/UKE3,http://gss-data.org.uk/data/gss_data/trade/international-trade-in-services-by-subnational-areas-of-the-uk#concept-scheme/location/nuts,24,,UKE3
West Yorkshire,http://data.europa.eu/nuts/code/UKE4,http://gss-data.org.uk/data/gss_data/trade/international-trade-in-services-by-subnational-areas-of-the-uk#concept-scheme/location/nuts,25,,UKE4
Derbyshire and Nottinghamshire,http://data.europa.eu/nuts/code/UKF1,http://gss-data.org.uk/data/gss_data/trade/international-trade-in-services-by-subnational-areas-of-the-uk#concept-scheme/location/nuts,26,,UKF1
"Leicestershire, Rutland and Northamptonshire",http://data.europa.eu/nuts/code/UKF2,http://gss-data.org.uk/data/gss_data/trade/international-trade-in-services-by-subnational-areas-of-the-uk#concept-scheme/location/nuts,27,,UKF2
Lincolnshire,http://data.europa.eu/nuts/code/UKF3,http://gss-data.org.uk/data/gss_data/trade/international-trade-in-services-by-subnational-areas-of-the-uk#concept-scheme/location/nuts,28,,UKF3
"Herefordshire, Worcestershire and Warwickshire",http://data.europa.eu/nuts/code/UKG1,http://gss-data.org.uk/data/gss_data/trade/international-trade-in-services-by-subnational-areas-of-the-uk#concept-scheme/location/nuts,29,,UKG1
Shropshire and Staffordshire,http://data.europa.eu/nuts/code/UKG2,http://gss-data.org.uk/data/gss_data/trade/international-trade-in-services-by-subnational-areas-of-the-uk#concept-scheme/location/nuts,30,,UKG2
West Midlands,http://data.europa.eu/nuts/code/UKG3,http://gss-data.org.uk/data/gss_data/trade/international-trade-in-services-by-subnational-areas-of-the-uk#concept-scheme/location/nuts,31,,UKG3
East Anglia,http://data.europa.eu/nuts/code/UKH1,http://gss-data.org.uk/data/gss_data/trade/international-trade-in-services-by-subnational-areas-of-the-uk#concept-scheme/location/nuts,32,,UKH1
Bedfordshire and Hertfordshire,http://data.europa.eu/nuts/code/UKH2,http://gss-data.org.uk/data/gss_data/trade/international-trade-in-services-by-subnational-areas-of-the-uk#concept-scheme/location/nuts,33,,UKH2
Essex,http://data.europa.eu/nuts/code/UKH3,http://gss-data.org.uk/data/gss_data/trade/international-trade-in-services-by-subnational-areas-of-the-uk#concept-scheme/location/nuts,34,,UKH3
Inner London - West,http://data.europa.eu/nuts/code/UKI3,http://gss-data.org.uk/data/gss_data/trade/international-trade-in-services-by-subnational-areas-of-the-uk#concept-scheme/location/nuts,35,,UKI3
Inner London - East,http://data.europa.eu/nuts/code/UKI4,http://gss-data.org.uk/data/gss_data/trade/international-trade-in-services-by-subnational-areas-of-the-uk#concept-scheme/location/nuts,36,,UKI4
Outer London - East and North East,http://data.europa.eu/nuts/code/UKI5,http://gss-data.org.uk/data/gss_data/trade/international-trade-in-services-by-subnational-areas-of-the-uk#concept-scheme/location/nuts,37,,UKI5
Outer London - South,http://data.europa.eu/nuts/code/UKI6,http://gss-data.org.uk/data/gss_data/trade/international-trade-in-services-by-subnational-areas-of-the-uk#concept-scheme/location/nuts,38,,UKI6
Outer London - West and North West,http://data.europa.eu/nuts/code/UKI7,http://gss-data.org.uk/data/gss_data/trade/international-trade-in-services-by-subnational-areas-of-the-uk#concept-scheme/location/nuts,39,,UKI7
"Berkshire, Buckinghamshire and Oxfordshire",http://data.europa.eu/nuts/code/UKJ1,http://gss-data.org.uk/data/gss_data/trade/international-trade-in-services-by-subnational-areas-of-the-uk#concept-scheme/location/nuts,40,,UKJ1
"Surrey, East and West Sussex",http://data.europa.eu/nuts/code/UKJ2,http://gss-data.org.uk/data/gss_data/trade/international-trade-in-services-by-subnational-areas-of-the-uk#concept-scheme/location/nuts,41,,UKJ2
Hampshire and Isle of Wight,http://data.europa.eu/nuts/code/UKJ3,http://gss-data.org.uk/data/gss_data/trade/international-trade-in-services-by-subnational-areas-of-the-uk#concept-scheme/location/nuts,42,,UKJ3
Kent,http://data.europa.eu/nuts/code/UKJ4,http://gss-data.org.uk/data/gss_data/trade/international-trade-in-services-by-subnational-areas-of-the-uk#concept-scheme/location/nuts,43,,UKJ4
"Gloucestershire, Wiltshire and Bristol/Bath area",http://data.europa.eu/nuts/code/UKK1,http://gss-data.org.uk/data/gss_data/trade/international-trade-in-services-by-subnational-areas-of-the-uk#concept-scheme/location/nuts,44,,UKK1
Dorset and Somerset,http://data.europa.eu/nuts/code/UKK2,http://gss-data.org.uk/data/gss_data/trade/international-trade-in-services-by-subnational-areas-of-the-uk#concept-scheme/location/nuts,45,,UKK2
Cornwall and Isles of Scilly,http://data.europa.eu/nuts/code/UKK3,http://gss-data.org.uk/data/gss_data/trade/international-trade-in-services-by-subnational-areas-of-the-uk#concept-scheme/location/nuts,46,,UKK3
Devon,http://data.europa.eu/nuts/code/UKK4,http://gss-data.org.uk/data/gss_data/trade/international-trade-in-services-by-subnational-areas-of-the-uk#concept-scheme/location/nuts,47,,UKK4
West Wales and The Valleys,http://data.europa.eu/nuts/code/UKL1,http://gss-data.org.uk/data/gss_data/trade/international-trade-in-services-by-subnational-areas-of-the-uk#concept-scheme/location/nuts,48,,UKL1
East Wales,http://data.europa.eu/nuts/code/UKL2,http://gss-data.org.uk/data/gss_data/trade/international-trade-in-services-by-subnational-areas-of-the-uk#concept-scheme/location/nuts,49,,UKL2
North Eastern Scotland,http://data.europa.eu/nuts/code/UKM5,http://gss-data.org.uk/data/gss_data/trade/international-trade-in-services-by-subnational-areas-of-the-uk#concept-scheme/location/nuts,50,,UKM5
Highlands and Islands,http://data.europa.eu/nuts/code/UKM6,http://gss-data.org.uk/data/gss_data/trade/international-trade-in-services-by-subnational-areas-of-the-uk#concept-scheme/location/nuts,51,,UKM6
Eastern Scotland,http://data.europa.eu/nuts/code/UKM7,http://gss-data.org.uk/data/gss_data/trade/international-trade-in-services-by-subnational-areas-of-the-uk#concept-scheme/location/nuts,52,,UKM7
West Central Scotland,http://data.europa.eu/nuts/code/UKM8,http://gss-data.org.uk/data/gss_data/trade/international-trade-in-services-by-subnational-areas-of-the-uk#concept-scheme/location/nuts,53,,UKM8
Southern Scotland,http://data.europa.eu/nuts/code/UKM9,http://gss-data.org.uk/data/gss_data/trade/international-trade-in-services-by-subnational-areas-of-the-uk#concept-scheme/location/nuts,54,,UKM9
Hartlepool and Stockton-on-Tees,http://data.europa.eu/nuts/code/UKC11,http://gss-data.org.uk/data/gss_data/trade/international-trade-in-services-by-subnational-areas-of-the-uk#concept-scheme/location/nuts,55,,UKC11
South Teesside,http://data.europa.eu/nuts/code/UKC12,http://gss-data.org.uk/data/gss_data/trade/international-trade-in-services-by-subnational-areas-of-the-uk#concept-scheme/location/nuts,56,,UKC12
Darlington,http://data.europa.eu/nuts/code/UKC13,http://gss-data.org.uk/data/gss_data/trade/international-trade-in-services-by-subnational-areas-of-the-uk#concept-scheme/location/nuts,57,,UKC13
Durham CC,http://data.europa.eu/nuts/code/UKC14,http://gss-data.org.uk/data/gss_data/trade/international-trade-in-services-by-subnational-areas-of-the-uk#concept-scheme/location/nuts,58,,UKC14
Northumberland,http://data.europa.eu/nuts/code/UKC21,http://gss-data.org.uk/data/gss_data/trade/international-trade-in-services-by-subnational-areas-of-the-uk#concept-scheme/location/nuts,59,,UKC21
Tyneside,http://data.europa.eu/nuts/code/UKC22,http://gss-data.org.uk/data/gss_data/trade/international-trade-in-services-by-subnational-areas-of-the-uk#concept-scheme/location/nuts,60,,UKC22
Sunderland,http://data.europa.eu/nuts/code/UKC23,http://gss-data.org.uk/data/gss_data/trade/international-trade-in-services-by-subnational-areas-of-the-uk#concept-scheme/location/nuts,61,,UKC23
West Cumbria,http://data.europa.eu/nuts/code/UKD11,http://gss-data.org.uk/data/gss_data/trade/international-trade-in-services-by-subnational-areas-of-the-uk#concept-scheme/location/nuts,62,,UKD11
East Cumbria,http://data.europa.eu/nuts/code/UKD12,http://gss-data.org.uk/data/gss_data/trade/international-trade-in-services-by-subnational-areas-of-the-uk#concept-scheme/location/nuts,63,,UKD12
Manchester,http://data.europa.eu/nuts/code/UKD33,http://gss-data.org.uk/data/gss_data/trade/international-trade-in-services-by-subnational-areas-of-the-uk#concept-scheme/location/nuts,64,,UKD33
Greater Manchester South West,http://data.europa.eu/nuts/code/UKD34,http://gss-data.org.uk/data/gss_data/trade/international-trade-in-services-by-subnational-areas-of-the-uk#concept-scheme/location/nuts,65,,UKD34
Greater Manchester South East,http://data.europa.eu/nuts/code/UKD35,http://gss-data.org.uk/data/gss_data/trade/international-trade-in-services-by-subnational-areas-of-the-uk#concept-scheme/location/nuts,66,,UKD35
Greater Manchester North West,http://data.europa.eu/nuts/code/UKD36,http://gss-data.org.uk/data/gss_data/trade/international-trade-in-services-by-subnational-areas-of-the-uk#concept-scheme/location/nuts,67,,UKD36
Greater Manchester North East,http://data.europa.eu/nuts/code/UKD37,http://gss-data.org.uk/data/gss_data/trade/international-trade-in-services-by-subnational-areas-of-the-uk#concept-scheme/location/nuts,68,,UKD37
Blackburn with Darwen,http://data.europa.eu/nuts/code/UKD41,http://gss-data.org.uk/data/gss_data/trade/international-trade-in-services-by-subnational-areas-of-the-uk#concept-scheme/location/nuts,69,,UKD41
Blackpool,http://data.europa.eu/nuts/code/UKD42,http://gss-data.org.uk/data/gss_data/trade/international-trade-in-services-by-subnational-areas-of-the-uk#concept-scheme/location/nuts,70,,UKD42
Lancaster and Wyre,http://data.europa.eu/nuts/code/UKD44,http://gss-data.org.uk/data/gss_data/trade/international-trade-in-services-by-subnational-areas-of-the-uk#concept-scheme/location/nuts,71,,UKD44
Mid Lancashire,http://data.europa.eu/nuts/code/UKD45,http://gss-data.org.uk/data/gss_data/trade/international-trade-in-services-by-subnational-areas-of-the-uk#concept-scheme/location/nuts,72,,UKD45
East Lancashire,http://data.europa.eu/nuts/code/UKD46,http://gss-data.org.uk/data/gss_data/trade/international-trade-in-services-by-subnational-areas-of-the-uk#concept-scheme/location/nuts,73,,UKD46
Chorley and West Lancashire,http://data.europa.eu/nuts/code/UKD47,http://gss-data.org.uk/data/gss_data/trade/international-trade-in-services-by-subnational-areas-of-the-uk#concept-scheme/location/nuts,74,,UKD47
Warrington,http://data.europa.eu/nuts/code/UKD61,http://gss-data.org.uk/data/gss_data/trade/international-trade-in-services-by-subnational-areas-of-the-uk#concept-scheme/location/nuts,75,,UKD61
Cheshire East,http://data.europa.eu/nuts/code/UKD62,http://gss-data.org.uk/data/gss_data/trade/international-trade-in-services-by-subnational-areas-of-the-uk#concept-scheme/location/nuts,76,,UKD62
Cheshire West and Chester,http://data.europa.eu/nuts/code/UKD63,http://gss-data.org.uk/data/gss_data/trade/international-trade-in-services-by-subnational-areas-of-the-uk#concept-scheme/location/nuts,77,,UKD63
East Merseyside,http://data.europa.eu/nuts/code/UKD71,http://gss-data.org.uk/data/gss_data/trade/international-trade-in-services-by-subnational-areas-of-the-uk#concept-scheme/location/nuts,78,,UKD71
Liverpool,http://data.europa.eu/nuts/code/UKD72,http://gss-data.org.uk/data/gss_data/trade/international-trade-in-services-by-subnational-areas-of-the-uk#concept-scheme/location/nuts,79,,UKD72
Sefton,http://data.europa.eu/nuts/code/UKD73,http://gss-data.org.uk/data/gss_data/trade/international-trade-in-services-by-subnational-areas-of-the-uk#concept-scheme/location/nuts,80,,UKD73
Wirral,http://data.europa.eu/nuts/code/UKD74,http://gss-data.org.uk/data/gss_data/trade/international-trade-in-services-by-subnational-areas-of-the-uk#concept-scheme/location/nuts,81,,UKD74
"Kingston upon Hull, City of",http://data.europa.eu/nuts/code/UKE11,http://gss-data.org.uk/data/gss_data/trade/international-trade-in-services-by-subnational-areas-of-the-uk#concept-scheme/location/nuts,82,,UKE11
East Riding of Yorkshire,http://data.europa.eu/nuts/code/UKE12,http://gss-data.org.uk/data/gss_data/trade/international-trade-in-services-by-subnational-areas-of-the-uk#concept-scheme/location/nuts,83,,UKE12
North and North East Lincolnshire,http://data.europa.eu/nuts/code/UKE13,http://gss-data.org.uk/data/gss_data/trade/international-trade-in-services-by-subnational-areas-of-the-uk#concept-scheme/location/nuts,84,,UKE13
York,http://data.europa.eu/nuts/code/UKE21,http://gss-data.org.uk/data/gss_data/trade/international-trade-in-services-by-subnational-areas-of-the-uk#concept-scheme/location/nuts,85,,UKE21
North Yorkshire CC,http://data.europa.eu/nuts/code/UKE22,http://gss-data.org.uk/data/gss_data/trade/international-trade-in-services-by-subnational-areas-of-the-uk#concept-scheme/location/nuts,86,,UKE22
"Barnsley, Doncaster and Rotherham",http://data.europa.eu/nuts/code/UKE31,http://gss-data.org.uk/data/gss_data/trade/international-trade-in-services-by-subnational-areas-of-the-uk#concept-scheme/location/nuts,87,,UKE31
Sheffield,http://data.europa.eu/nuts/code/UKE32,http://gss-data.org.uk/data/gss_data/trade/international-trade-in-services-by-subnational-areas-of-the-uk#concept-scheme/location/nuts,88,,UKE32
Bradford,http://data.europa.eu/nuts/code/UKE41,http://gss-data.org.uk/data/gss_data/trade/international-trade-in-services-by-subnational-areas-of-the-uk#concept-scheme/location/nuts,89,,UKE41
Leeds,http://data.europa.eu/nuts/code/UKE42,http://gss-data.org.uk/data/gss_data/trade/international-trade-in-services-by-subnational-areas-of-the-uk#concept-scheme/location/nuts,90,,UKE42
Calderdale and Kirklees,http://data.europa.eu/nuts/code/UKE44,http://gss-data.org.uk/data/gss_data/trade/international-trade-in-services-by-subnational-areas-of-the-uk#concept-scheme/location/nuts,91,,UKE44
Wakefield,http://data.europa.eu/nuts/code/UKE45,http://gss-data.org.uk/data/gss_data/trade/international-trade-in-services-by-subnational-areas-of-the-uk#concept-scheme/location/nuts,92,,UKE45
Derby,http://data.europa.eu/nuts/code/UKF11,http://gss-data.org.uk/data/gss_data/trade/international-trade-in-services-by-subnational-areas-of-the-uk#concept-scheme/location/nuts,93,,UKF11
East Derbyshire,http://data.europa.eu/nuts/code/UKF12,http://gss-data.org.uk/data/gss_data/trade/international-trade-in-services-by-subnational-areas-of-the-uk#concept-scheme/location/nuts,94,,UKF12
South and West Derbyshire,http://data.europa.eu/nuts/code/UKF13,http://gss-data.org.uk/data/gss_data/trade/international-trade-in-services-by-subnational-areas-of-the-uk#concept-scheme/location/nuts,95,,UKF13
Nottingham,http://data.europa.eu/nuts/code/UKF14,http://gss-data.org.uk/data/gss_data/trade/international-trade-in-services-by-subnational-areas-of-the-uk#concept-scheme/location/nuts,96,,UKF14
North Nottinghamshire,http://data.europa.eu/nuts/code/UKF15,http://gss-data.org.uk/data/gss_data/trade/international-trade-in-services-by-subnational-areas-of-the-uk#concept-scheme/location/nuts,97,,UKF15
South Nottinghamshire,http://data.europa.eu/nuts/code/UKF16,http://gss-data.org.uk/data/gss_data/trade/international-trade-in-services-by-subnational-areas-of-the-uk#concept-scheme/location/nuts,98,,UKF16
Leicester,http://data.europa.eu/nuts/code/UKF21,http://gss-data.org.uk/data/gss_data/trade/international-trade-in-services-by-subnational-areas-of-the-uk#concept-scheme/location/nuts,99,,UKF21
Leicestershire CC and Rutland,http://data.europa.eu/nuts/code/UKF22,http://gss-data.org.uk/data/gss_data/trade/international-trade-in-services-by-subnational-areas-of-the-uk#concept-scheme/location/nuts,100,,UKF22
West Northamptonshire,http://data.europa.eu/nuts/code/UKF24,http://gss-data.org.uk/data/gss_data/trade/international-trade-in-services-by-subnational-areas-of-the-uk#concept-scheme/location/nuts,101,,UKF24
North Northamptonshire,http://data.europa.eu/nuts/code/UKF25,http://gss-data.org.uk/data/gss_data/trade/international-trade-in-services-by-subnational-areas-of-the-uk#concept-scheme/location/nuts,102,,UKF25
Lincolnshire,http://data.europa.eu/nuts/code/UKF30,http://gss-data.org.uk/data/gss_data/trade/international-trade-in-services-by-subnational-areas-of-the-uk#concept-scheme/location/nuts,103,,UKF30
"Herefordshire, County of",http://data.europa.eu/nuts/code/UKG11,http://gss-data.org.uk/data/gss_data/trade/international-trade-in-services-by-subnational-areas-of-the-uk#concept-scheme/location/nuts,104,,UKG11
Worcestershire,http://data.europa.eu/nuts/code/UKG12,http://gss-data.org.uk/data/gss_data/trade/international-trade-in-services-by-subnational-areas-of-the-uk#concept-scheme/location/nuts,105,,UKG12
Warwickshire,http://data.europa.eu/nuts/code/UKG13,http://gss-data.org.uk/data/gss_data/trade/international-trade-in-services-by-subnational-areas-of-the-uk#concept-scheme/location/nuts,106,,UKG13
Telford and Wrekin,http://data.europa.eu/nuts/code/UKG21,http://gss-data.org.uk/data/gss_data/trade/international-trade-in-services-by-subnational-areas-of-the-uk#concept-scheme/location/nuts,107,,UKG21
Shropshire CC,http://data.europa.eu/nuts/code/UKG22,http://gss-data.org.uk/data/gss_data/trade/international-trade-in-services-by-subnational-areas-of-the-uk#concept-scheme/location/nuts,108,,UKG22
Stoke-on-Trent,http://data.europa.eu/nuts/code/UKG23,http://gss-data.org.uk/data/gss_data/trade/international-trade-in-services-by-subnational-areas-of-the-uk#concept-scheme/location/nuts,109,,UKG23
Staffordshire CC,http://data.europa.eu/nuts/code/UKG24,http://gss-data.org.uk/data/gss_data/trade/international-trade-in-services-by-subnational-areas-of-the-uk#concept-scheme/location/nuts,110,,UKG24
Birmingham,http://data.europa.eu/nuts/code/UKG31,http://gss-data.org.uk/data/gss_data/trade/international-trade-in-services-by-subnational-areas-of-the-uk#concept-scheme/location/nuts,111,,UKG31
Solihull,http://data.europa.eu/nuts/code/UKG32,http://gss-data.org.uk/data/gss_data/trade/international-trade-in-services-by-subnational-areas-of-the-uk#concept-scheme/location/nuts,112,,UKG32
Coventry,http://data.europa.eu/nuts/code/UKG33,http://gss-data.org.uk/data/gss_data/trade/international-trade-in-services-by-subnational-areas-of-the-uk#concept-scheme/location/nuts,113,,UKG33
Dudley,http://data.europa.eu/nuts/code/UKG36,http://gss-data.org.uk/data/gss_data/trade/international-trade-in-services-by-subnational-areas-of-the-uk#concept-scheme/location/nuts,114,,UKG36
Sandwell,http://data.europa.eu/nuts/code/UKG37,http://gss-data.org.uk/data/gss_data/trade/international-trade-in-services-by-subnational-areas-of-the-uk#concept-scheme/location/nuts,115,,UKG37
Walsall,http://data.europa.eu/nuts/code/UKG38,http://gss-data.org.uk/data/gss_data/trade/international-trade-in-services-by-subnational-areas-of-the-uk#concept-scheme/location/nuts,116,,UKG38
Wolverhampton,http://data.europa.eu/nuts/code/UKG39,http://gss-data.org.uk/data/gss_data/trade/international-trade-in-services-by-subnational-areas-of-the-uk#concept-scheme/location/nuts,117,,UKG39
Peterborough,http://data.europa.eu/nuts/code/UKH11,http://gss-data.org.uk/data/gss_data/trade/international-trade-in-services-by-subnational-areas-of-the-uk#concept-scheme/location/nuts,118,,UKH11
Cambridgeshire CC,http://data.europa.eu/nuts/code/UKH12,http://gss-data.org.uk/data/gss_data/trade/international-trade-in-services-by-subnational-areas-of-the-uk#concept-scheme/location/nuts,119,,UKH12
Suffolk,http://data.europa.eu/nuts/code/UKH14,http://gss-data.org.uk/data/gss_data/trade/international-trade-in-services-by-subnational-areas-of-the-uk#concept-scheme/location/nuts,120,,UKH14
Norwich and East Norfolk,http://data.europa.eu/nuts/code/UKH15,http://gss-data.org.uk/data/gss_data/trade/international-trade-in-services-by-subnational-areas-of-the-uk#concept-scheme/location/nuts,121,,UKH15
North and West Norfolk,http://data.europa.eu/nuts/code/UKH16,http://gss-data.org.uk/data/gss_data/trade/international-trade-in-services-by-subnational-areas-of-the-uk#concept-scheme/location/nuts,122,,UKH16
Breckland and South Norfolk,http://data.europa.eu/nuts/code/UKH17,http://gss-data.org.uk/data/gss_data/trade/international-trade-in-services-by-subnational-areas-of-the-uk#concept-scheme/location/nuts,123,,UKH17
Luton,http://data.europa.eu/nuts/code/UKH21,http://gss-data.org.uk/data/gss_data/trade/international-trade-in-services-by-subnational-areas-of-the-uk#concept-scheme/location/nuts,124,,UKH21
Hertfordshire,http://data.europa.eu/nuts/code/UKH23,http://gss-data.org.uk/data/gss_data/trade/international-trade-in-services-by-subnational-areas-of-the-uk#concept-scheme/location/nuts,125,,UKH23
Bedford,http://data.europa.eu/nuts/code/UKH24,http://gss-data.org.uk/data/gss_data/trade/international-trade-in-services-by-subnational-areas-of-the-uk#concept-scheme/location/nuts,126,,UKH24
Central Bedfordshire,http://data.europa.eu/nuts/code/UKH25,http://gss-data.org.uk/data/gss_data/trade/international-trade-in-services-by-subnational-areas-of-the-uk#concept-scheme/location/nuts,127,,UKH25
Southend-on-Sea,http://data.europa.eu/nuts/code/UKH31,http://gss-data.org.uk/data/gss_data/trade/international-trade-in-services-by-subnational-areas-of-the-uk#concept-scheme/location/nuts,128,,UKH31
Thurrock,http://data.europa.eu/nuts/code/UKH32,http://gss-data.org.uk/data/gss_data/trade/international-trade-in-services-by-subnational-areas-of-the-uk#concept-scheme/location/nuts,129,,UKH32
Essex Haven Gateway,http://data.europa.eu/nuts/code/UKH34,http://gss-data.org.uk/data/gss_data/trade/international-trade-in-services-by-subnational-areas-of-the-uk#concept-scheme/location/nuts,130,,UKH34
West Essex,http://data.europa.eu/nuts/code/UKH35,http://gss-data.org.uk/data/gss_data/trade/international-trade-in-services-by-subnational-areas-of-the-uk#concept-scheme/location/nuts,131,,UKH35
Heart of Essex,http://data.europa.eu/nuts/code/UKH36,http://gss-data.org.uk/data/gss_data/trade/international-trade-in-services-by-subnational-areas-of-the-uk#concept-scheme/location/nuts,132,,UKH36
Essex Thames Gateway,http://data.europa.eu/nuts/code/UKH37,http://gss-data.org.uk/data/gss_data/trade/international-trade-in-services-by-subnational-areas-of-the-uk#concept-scheme/location/nuts,133,,UKH37
Camden and City of London,http://data.europa.eu/nuts/code/UKI31,http://gss-data.org.uk/data/gss_data/trade/international-trade-in-services-by-subnational-areas-of-the-uk#concept-scheme/location/nuts,134,,UKI31
Westminster,http://data.europa.eu/nuts/code/UKI32,http://gss-data.org.uk/data/gss_data/trade/international-trade-in-services-by-subnational-areas-of-the-uk#concept-scheme/location/nuts,135,,UKI32
Kensington & Chelsea and Hammersmith & Fulham,http://data.europa.eu/nuts/code/UKI33,http://gss-data.org.uk/data/gss_data/trade/international-trade-in-services-by-subnational-areas-of-the-uk#concept-scheme/location/nuts,136,,UKI33
Wandsworth,http://data.europa.eu/nuts/code/UKI34,http://gss-data.org.uk/data/gss_data/trade/international-trade-in-services-by-subnational-areas-of-the-uk#concept-scheme/location/nuts,137,,UKI34
Hackney and Newham,http://data.europa.eu/nuts/code/UKI41,http://gss-data.org.uk/data/gss_data/trade/international-trade-in-services-by-subnational-areas-of-the-uk#concept-scheme/location/nuts,138,,UKI41
Tower Hamlets,http://data.europa.eu/nuts/code/UKI42,http://gss-data.org.uk/data/gss_data/trade/international-trade-in-services-by-subnational-areas-of-the-uk#concept-scheme/location/nuts,139,,UKI42
Haringey and Islington,http://data.europa.eu/nuts/code/UKI43,http://gss-data.org.uk/data/gss_data/trade/international-trade-in-services-by-subnational-areas-of-the-uk#concept-scheme/location/nuts,140,,UKI43
Lewisham and Southwark,http://data.europa.eu/nuts/code/UKI44,http://gss-data.org.uk/data/gss_data/trade/international-trade-in-services-by-subnational-areas-of-the-uk#concept-scheme/location/nuts,141,,UKI44
Lambeth,http://data.europa.eu/nuts/code/UKI45,http://gss-data.org.uk/data/gss_data/trade/international-trade-in-services-by-subnational-areas-of-the-uk#concept-scheme/location/nuts,142,,UKI45
Bexley and Greenwich,http://data.europa.eu/nuts/code/UKI51,http://gss-data.org.uk/data/gss_data/trade/international-trade-in-services-by-subnational-areas-of-the-uk#concept-scheme/location/nuts,143,,UKI51
Barking & Dagenham and Havering,http://data.europa.eu/nuts/code/UKI52,http://gss-data.org.uk/data/gss_data/trade/international-trade-in-services-by-subnational-areas-of-the-uk#concept-scheme/location/nuts,144,,UKI52
Redbridge and Waltham Forest,http://data.europa.eu/nuts/code/UKI53,http://gss-data.org.uk/data/gss_data/trade/international-trade-in-services-by-subnational-areas-of-the-uk#concept-scheme/location/nuts,145,,UKI53
Enfield,http://data.europa.eu/nuts/code/UKI54,http://gss-data.org.uk/data/gss_data/trade/international-trade-in-services-by-subnational-areas-of-the-uk#concept-scheme/location/nuts,146,,UKI54
Bromley,http://data.europa.eu/nuts/code/UKI61,http://gss-data.org.uk/data/gss_data/trade/international-trade-in-services-by-subnational-areas-of-the-uk#concept-scheme/location/nuts,147,,UKI61
Croydon,http://data.europa.eu/nuts/code/UKI62,http://gss-data.org.uk/data/gss_data/trade/international-trade-in-services-by-subnational-areas-of-the-uk#concept-scheme/location/nuts,148,,UKI62
"Merton, Kingston upon Thames and Sutton",http://data.europa.eu/nuts/code/UKI63,http://gss-data.org.uk/data/gss_data/trade/international-trade-in-services-by-subnational-areas-of-the-uk#concept-scheme/location/nuts,149,,UKI63
Barnet,http://data.europa.eu/nuts/code/UKI71,http://gss-data.org.uk/data/gss_data/trade/international-trade-in-services-by-subnational-areas-of-the-uk#concept-scheme/location/nuts,150,,UKI71
Brent,http://data.europa.eu/nuts/code/UKI72,http://gss-data.org.uk/data/gss_data/trade/international-trade-in-services-by-subnational-areas-of-the-uk#concept-scheme/location/nuts,151,,UKI72
Ealing,http://data.europa.eu/nuts/code/UKI73,http://gss-data.org.uk/data/gss_data/trade/international-trade-in-services-by-subnational-areas-of-the-uk#concept-scheme/location/nuts,152,,UKI73
Harrow and Hillingdon,http://data.europa.eu/nuts/code/UKI74,http://gss-data.org.uk/data/gss_data/trade/international-trade-in-services-by-subnational-areas-of-the-uk#concept-scheme/location/nuts,153,,UKI74
Hounslow and Richmond upon Thames,http://data.europa.eu/nuts/code/UKI75,http://gss-data.org.uk/data/gss_data/trade/international-trade-in-services-by-subnational-areas-of-the-uk#concept-scheme/location/nuts,154,,UKI75
Berkshire,http://data.europa.eu/nuts/code/UKJ11,http://gss-data.org.uk/data/gss_data/trade/international-trade-in-services-by-subnational-areas-of-the-uk#concept-scheme/location/nuts,155,,UKJ11
Milton Keynes,http://data.europa.eu/nuts/code/UKJ12,http://gss-data.org.uk/data/gss_data/trade/international-trade-in-services-by-subnational-areas-of-the-uk#concept-scheme/location/nuts,156,,UKJ12
Buckinghamshire CC,http://data.europa.eu/nuts/code/UKJ13,http://gss-data.org.uk/data/gss_data/trade/international-trade-in-services-by-subnational-areas-of-the-uk#concept-scheme/location/nuts,157,,UKJ13
Oxfordshire,http://data.europa.eu/nuts/code/UKJ14,http://gss-data.org.uk/data/gss_data/trade/international-trade-in-services-by-subnational-areas-of-the-uk#concept-scheme/location/nuts,158,,UKJ14
Brighton and Hove,http://data.europa.eu/nuts/code/UKJ21,http://gss-data.org.uk/data/gss_data/trade/international-trade-in-services-by-subnational-areas-of-the-uk#concept-scheme/location/nuts,159,,UKJ21
East Sussex CC,http://data.europa.eu/nuts/code/UKJ22,http://gss-data.org.uk/data/gss_data/trade/international-trade-in-services-by-subnational-areas-of-the-uk#concept-scheme/location/nuts,160,,UKJ22
West Surrey,http://data.europa.eu/nuts/code/UKJ25,http://gss-data.org.uk/data/gss_data/trade/international-trade-in-services-by-subnational-areas-of-the-uk#concept-scheme/location/nuts,161,,UKJ25
East Surrey,http://data.europa.eu/nuts/code/UKJ26,http://gss-data.org.uk/data/gss_data/trade/international-trade-in-services-by-subnational-areas-of-the-uk#concept-scheme/location/nuts,162,,UKJ26
West Sussex (South West),http://data.europa.eu/nuts/code/UKJ27,http://gss-data.org.uk/data/gss_data/trade/international-trade-in-services-by-subnational-areas-of-the-uk#concept-scheme/location/nuts,163,,UKJ27
West Sussex (North East),http://data.europa.eu/nuts/code/UKJ28,http://gss-data.org.uk/data/gss_data/trade/international-trade-in-services-by-subnational-areas-of-the-uk#concept-scheme/location/nuts,164,,UKJ28
Portsmouth,http://data.europa.eu/nuts/code/UKJ31,http://gss-data.org.uk/data/gss_data/trade/international-trade-in-services-by-subnational-areas-of-the-uk#concept-scheme/location/nuts,165,,UKJ31
Southampton,http://data.europa.eu/nuts/code/UKJ32,http://gss-data.org.uk/data/gss_data/trade/international-trade-in-services-by-subnational-areas-of-the-uk#concept-scheme/location/nuts,166,,UKJ32
Isle of Wight,http://data.europa.eu/nuts/code/UKJ34,http://gss-data.org.uk/data/gss_data/trade/international-trade-in-services-by-subnational-areas-of-the-uk#concept-scheme/location/nuts,167,,UKJ34
South Hampshire,http://data.europa.eu/nuts/code/UKJ35,http://gss-data.org.uk/data/gss_data/trade/international-trade-in-services-by-subnational-areas-of-the-uk#concept-scheme/location/nuts,168,,UKJ35
Central Hampshire,http://data.europa.eu/nuts/code/UKJ36,http://gss-data.org.uk/data/gss_data/trade/international-trade-in-services-by-subnational-areas-of-the-uk#concept-scheme/location/nuts,169,,UKJ36
North Hampshire,http://data.europa.eu/nuts/code/UKJ37,http://gss-data.org.uk/data/gss_data/trade/international-trade-in-services-by-subnational-areas-of-the-uk#concept-scheme/location/nuts,170,,UKJ37
Medway,http://data.europa.eu/nuts/code/UKJ41,http://gss-data.org.uk/data/gss_data/trade/international-trade-in-services-by-subnational-areas-of-the-uk#concept-scheme/location/nuts,171,,UKJ41
Kent Thames Gateway,http://data.europa.eu/nuts/code/UKJ43,http://gss-data.org.uk/data/gss_data/trade/international-trade-in-services-by-subnational-areas-of-the-uk#concept-scheme/location/nuts,172,,UKJ43
East Kent,http://data.europa.eu/nuts/code/UKJ44,http://gss-data.org.uk/data/gss_data/trade/international-trade-in-services-by-subnational-areas-of-the-uk#concept-scheme/location/nuts,173,,UKJ44
Mid Kent,http://data.europa.eu/nuts/code/UKJ45,http://gss-data.org.uk/data/gss_data/trade/international-trade-in-services-by-subnational-areas-of-the-uk#concept-scheme/location/nuts,174,,UKJ45
West Kent,http://data.europa.eu/nuts/code/UKJ46,http://gss-data.org.uk/data/gss_data/trade/international-trade-in-services-by-subnational-areas-of-the-uk#concept-scheme/location/nuts,175,,UKJ46
"Bristol, City of",http://data.europa.eu/nuts/code/UKK11,http://gss-data.org.uk/data/gss_data/trade/international-trade-in-services-by-subnational-areas-of-the-uk#concept-scheme/location/nuts,176,,UKK11
"Bath and North East Somerset, North Somerset and South Gloucestershire",http://data.europa.eu/nuts/code/UKK12,http://gss-data.org.uk/data/gss_data/trade/international-trade-in-services-by-subnational-areas-of-the-uk#concept-scheme/location/nuts,177,,UKK12
Gloucestershire,http://data.europa.eu/nuts/code/UKK13,http://gss-data.org.uk/data/gss_data/trade/international-trade-in-services-by-subnational-areas-of-the-uk#concept-scheme/location/nuts,178,,UKK13
Swindon,http://data.europa.eu/nuts/code/UKK14,http://gss-data.org.uk/data/gss_data/trade/international-trade-in-services-by-subnational-areas-of-the-uk#concept-scheme/location/nuts,179,,UKK14
Wiltshire CC,http://data.europa.eu/nuts/code/UKK15,http://gss-data.org.uk/data/gss_data/trade/international-trade-in-services-by-subnational-areas-of-the-uk#concept-scheme/location/nuts,180,,UKK15
Bournemouth and Poole,http://data.europa.eu/nuts/code/UKK21,http://gss-data.org.uk/data/gss_data/trade/international-trade-in-services-by-subnational-areas-of-the-uk#concept-scheme/location/nuts,181,,UKK21
Dorset CC,http://data.europa.eu/nuts/code/UKK22,http://gss-data.org.uk/data/gss_data/trade/international-trade-in-services-by-subnational-areas-of-the-uk#concept-scheme/location/nuts,182,,UKK22
Somerset,http://data.europa.eu/nuts/code/UKK23,http://gss-data.org.uk/data/gss_data/trade/international-trade-in-services-by-subnational-areas-of-the-uk#concept-scheme/location/nuts,183,,UKK23
Cornwall and Isles of Scilly,http://data.europa.eu/nuts/code/UKK30,http://gss-data.org.uk/data/gss_data/trade/international-trade-in-services-by-subnational-areas-of-the-uk#concept-scheme/location/nuts,184,,UKK30
Plymouth,http://data.europa.eu/nuts/code/UKK41,http://gss-data.org.uk/data/gss_data/trade/international-trade-in-services-by-subnational-areas-of-the-uk#concept-scheme/location/nuts,185,,UKK41
Torbay,http://data.europa.eu/nuts/code/UKK42,http://gss-data.org.uk/data/gss_data/trade/international-trade-in-services-by-subnational-areas-of-the-uk#concept-scheme/location/nuts,186,,UKK42
Devon CC,http://data.europa.eu/nuts/code/UKK43,http://gss-data.org.uk/data/gss_data/trade/international-trade-in-services-by-subnational-areas-of-the-uk#concept-scheme/location/nuts,187,,UKK43
Isle of Anglesey,http://data.europa.eu/nuts/code/UKL11,http://gss-data.org.uk/data/gss_data/trade/international-trade-in-services-by-subnational-areas-of-the-uk#concept-scheme/location/nuts,188,,UKL11
Gwynedd,http://data.europa.eu/nuts/code/UKL12,http://gss-data.org.uk/data/gss_data/trade/international-trade-in-services-by-subnational-areas-of-the-uk#concept-scheme/location/nuts,189,,UKL12
Conwy and Denbighshire,http://data.europa.eu/nuts/code/UKL13,http://gss-data.org.uk/data/gss_data/trade/international-trade-in-services-by-subnational-areas-of-the-uk#concept-scheme/location/nuts,190,,UKL13
South West Wales,http://data.europa.eu/nuts/code/UKL14,http://gss-data.org.uk/data/gss_data/trade/international-trade-in-services-by-subnational-areas-of-the-uk#concept-scheme/location/nuts,191,,UKL14
Central Valleys,http://data.europa.eu/nuts/code/UKL15,http://gss-data.org.uk/data/gss_data/trade/international-trade-in-services-by-subnational-areas-of-the-uk#concept-scheme/location/nuts,192,,UKL15
Gwent Valleys,http://data.europa.eu/nuts/code/UKL16,http://gss-data.org.uk/data/gss_data/trade/international-trade-in-services-by-subnational-areas-of-the-uk#concept-scheme/location/nuts,193,,UKL16
Bridgend and Neath Port Talbot,http://data.europa.eu/nuts/code/UKL17,http://gss-data.org.uk/data/gss_data/trade/international-trade-in-services-by-subnational-areas-of-the-uk#concept-scheme/location/nuts,194,,UKL17
Swansea,http://data.europa.eu/nuts/code/UKL18,http://gss-data.org.uk/data/gss_data/trade/international-trade-in-services-by-subnational-areas-of-the-uk#concept-scheme/location/nuts,195,,UKL18
Monmouthshire and Newport,http://data.europa.eu/nuts/code/UKL21,http://gss-data.org.uk/data/gss_data/trade/international-trade-in-services-by-subnational-areas-of-the-uk#concept-scheme/location/nuts,196,,UKL21
Cardiff and Vale of Glamorgan,http://data.europa.eu/nuts/code/UKL22,http://gss-data.org.uk/data/gss_data/trade/international-trade-in-services-by-subnational-areas-of-the-uk#concept-scheme/location/nuts,197,,UKL22
Flintshire and Wrexham,http://data.europa.eu/nuts/code/UKL23,http://gss-data.org.uk/data/gss_data/trade/international-trade-in-services-by-subnational-areas-of-the-uk#concept-scheme/location/nuts,198,,UKL23
Powys,http://data.europa.eu/nuts/code/UKL24,http://gss-data.org.uk/data/gss_data/trade/international-trade-in-services-by-subnational-areas-of-the-uk#concept-scheme/location/nuts,199,,UKL24
Aberdeen City and Aberdeenshire,http://data.europa.eu/nuts/code/UKM50,http://gss-data.org.uk/data/gss_data/trade/international-trade-in-services-by-subnational-areas-of-the-uk#concept-scheme/location/nuts,200,,UKM50
Caithness & Sutherland and Ross & Cromarty,http://data.europa.eu/nuts/code/UKM61,http://gss-data.org.uk/data/gss_data/trade/international-trade-in-services-by-subnational-areas-of-the-uk#concept-scheme/location/nuts,201,,UKM61
"Inverness & Nairn and Moray, Badenoch & Strathspey",http://data.europa.eu/nuts/code/UKM62,http://gss-data.org.uk/data/gss_data/trade/international-trade-in-services-by-subnational-areas-of-the-uk#concept-scheme/location/nuts,202,,UKM62
"Lochaber, Skye & Lochalsh, Arran & Cumbrae and Argyll & Bute",http://data.europa.eu/nuts/code/UKM63,http://gss-data.org.uk/data/gss_data/trade/international-trade-in-services-by-subnational-areas-of-the-uk#concept-scheme/location/nuts,203,,UKM63
Na h-Eileanan Siar (Western Isles),http://data.europa.eu/nuts/code/UKM64,http://gss-data.org.uk/data/gss_data/trade/international-trade-in-services-by-subnational-areas-of-the-uk#concept-scheme/location/nuts,204,,UKM64
Orkney Islands,http://data.europa.eu/nuts/code/UKM65,http://gss-data.org.uk/data/gss_data/trade/international-trade-in-services-by-subnational-areas-of-the-uk#concept-scheme/location/nuts,205,,UKM65
Shetland Islands,http://data.europa.eu/nuts/code/UKM66,http://gss-data.org.uk/data/gss_data/trade/international-trade-in-services-by-subnational-areas-of-the-uk#concept-scheme/location/nuts,206,,UKM66
Angus and Dundee City,http://data.europa.eu/nuts/code/UKM71,http://gss-data.org.uk/data/gss_data/trade/international-trade-in-services-by-subnational-areas-of-the-uk#concept-scheme/location/nuts,207,,UKM71
Clackmannanshire and Fife,http://data.europa.eu/nuts/code/UKM72,http://gss-data.org.uk/data/gss_data/trade/international-trade-in-services-by-subnational-areas-of-the-uk#concept-scheme/location/nuts,208,,UKM72
East Lothian and Midlothian,http://data.europa.eu/nuts/code/UKM73,http://gss-data.org.uk/data/gss_data/trade/international-trade-in-services-by-subnational-areas-of-the-uk#concept-scheme/location/nuts,209,,UKM73
"Edinburgh, City of",http://data.europa.eu/nuts/code/UKM75,http://gss-data.org.uk/data/gss_data/trade/international-trade-in-services-by-subnational-areas-of-the-uk#concept-scheme/location/nuts,210,,UKM75
Falkirk,http://data.europa.eu/nuts/code/UKM76,http://gss-data.org.uk/data/gss_data/trade/international-trade-in-services-by-subnational-areas-of-the-uk#concept-scheme/location/nuts,211,,UKM76
Perth & Kinross and Stirling,http://data.europa.eu/nuts/code/UKM77,http://gss-data.org.uk/data/gss_data/trade/international-trade-in-services-by-subnational-areas-of-the-uk#concept-scheme/location/nuts,212,,UKM77
West Lothian,http://data.europa.eu/nuts/code/UKM78,http://gss-data.org.uk/data/gss_data/trade/international-trade-in-services-by-subnational-areas-of-the-uk#concept-scheme/location/nuts,213,,UKM78
"East Dunbartonshire, West Dunbartonshire and Helensburgh & Lomond",http://data.europa.eu/nuts/code/UKM81,http://gss-data.org.uk/data/gss_data/trade/international-trade-in-services-by-subnational-areas-of-the-uk#concept-scheme/location/nuts,214,,UKM81
Glasgow City,http://data.europa.eu/nuts/code/UKM82,http://gss-data.org.uk/data/gss_data/trade/international-trade-in-services-by-subnational-areas-of-the-uk#concept-scheme/location/nuts,215,,UKM82
"Inverclyde, East Renfrewshire and Renfrewshire",http://data.europa.eu/nuts/code/UKM83,http://gss-data.org.uk/data/gss_data/trade/international-trade-in-services-by-subnational-areas-of-the-uk#concept-scheme/location/nuts,216,,UKM83
North Lanarkshire,http://data.europa.eu/nuts/code/UKM84,http://gss-data.org.uk/data/gss_data/trade/international-trade-in-services-by-subnational-areas-of-the-uk#concept-scheme/location/nuts,217,,UKM84
Scottish Borders,http://data.europa.eu/nuts/code/UKM91,http://gss-data.org.uk/data/gss_data/trade/international-trade-in-services-by-subnational-areas-of-the-uk#concept-scheme/location/nuts,218,,UKM91
Dumfries & Galloway,http://data.europa.eu/nuts/code/UKM92,http://gss-data.org.uk/data/gss_data/trade/international-trade-in-services-by-subnational-areas-of-the-uk#concept-scheme/location/nuts,219,,UKM92
East Ayrshire and North Ayrshire mainland,http://data.europa.eu/nuts/code/UKM93,http://gss-data.org.uk/data/gss_data/trade/international-trade-in-services-by-subnational-areas-of-the-uk#concept-scheme/location/nuts,220,,UKM93
South Ayrshire,http://data.europa.eu/nuts/code/UKM94,http://gss-data.org.uk/data/gss_data/trade/international-trade-in-services-by-subnational-areas-of-the-uk#concept-scheme/location/nuts,221,,UKM94
South Lanarkshire,http://data.europa.eu/nuts/code/UKM95,http://gss-data.org.uk/data/gss_data/trade/international-trade-in-services-by-subnational-areas-of-the-uk#concept-scheme/location/nuts,222,,UKM95
Aberdeen City,http://statistics.data.gov.uk/id/statistical-geography/S12000033,http://gss-data.org.uk/data/gss_data/trade/international-trade-in-services-by-subnational-areas-of-the-uk#concept-scheme/location/statistical-geographies,223,,S12000033
Cambridgeshire and Peterborough,http://statistics.data.gov.uk/id/statistical-geography/E47000008,http://gss-data.org.uk/data/gss_data/trade/international-trade-in-services-by-subnational-areas-of-the-uk#concept-scheme/location/statistical-geographies,224,,E47000008
Cardiff Capital Region,http://statistics.data.gov.uk/id/statistical-geography/W42000001,http://gss-data.org.uk/data/gss_data/trade/international-trade-in-services-by-subnational-areas-of-the-uk#concept-scheme/location/statistical-geographies,225,,W42000001
Edinburgh and South East Scotland,http://statistics.data.gov.uk/id/statistical-geography/S11000003,http://gss-data.org.uk/data/gss_data/trade/international-trade-in-services-by-subnational-areas-of-the-uk#concept-scheme/location/statistical-geographies,226,,S11000003
Glasgow City,http://statistics.data.gov.uk/id/statistical-geography/S12000049,http://gss-data.org.uk/data/gss_data/trade/international-trade-in-services-by-subnational-areas-of-the-uk#concept-scheme/location/statistical-geographies,227,,S12000049
Greater Manchester,http://statistics.data.gov.uk/id/statistical-geography/E47000001,http://gss-data.org.uk/data/gss_data/trade/international-trade-in-services-by-subnational-areas-of-the-uk#concept-scheme/location/statistical-geographies,228,,E47000001
Inner London,http://statistics.data.gov.uk/id/statistical-geography/E13000001,http://gss-data.org.uk/data/gss_data/trade/international-trade-in-services-by-subnational-areas-of-the-uk#concept-scheme/location/statistical-geographies,229,,E13000001
Liverpool City Region,http://statistics.data.gov.uk/id/statistical-geography/E47000004,http://gss-data.org.uk/data/gss_data/trade/international-trade-in-services-by-subnational-areas-of-the-uk#concept-scheme/location/statistical-geographies,230,,E47000004
North of Tyne,http://statistics.data.gov.uk/id/statistical-geography/E47000011,http://gss-data.org.uk/data/gss_data/trade/international-trade-in-services-by-subnational-areas-of-the-uk#concept-scheme/location/statistical-geographies,231,,E47000011
Outer London,http://statistics.data.gov.uk/id/statistical-geography/E13000002,http://gss-data.org.uk/data/gss_data/trade/international-trade-in-services-by-subnational-areas-of-the-uk#concept-scheme/location/statistical-geographies,232,,E13000002
Sheffield City Region,http://statistics.data.gov.uk/id/statistical-geography/E47000002,http://gss-data.org.uk/data/gss_data/trade/international-trade-in-services-by-subnational-areas-of-the-uk#concept-scheme/location/statistical-geographies,233,,E47000002
Swansea Bay City Region,http://statistics.data.gov.uk/id/statistical-geography/W42000004,http://gss-data.org.uk/data/gss_data/trade/international-trade-in-services-by-subnational-areas-of-the-uk#concept-scheme/location/statistical-geographies,234,,W42000004
Tees Valley,http://statistics.data.gov.uk/id/statistical-geography/E47000006,http://gss-data.org.uk/data/gss_data/trade/international-trade-in-services-by-subnational-areas-of-the-uk#concept-scheme/location/statistical-geographies,235,,E47000006
West Midlands,http://statistics.data.gov.uk/id/statistical-geography/E47000007,http://gss-data.org.uk/data/gss_data/trade/international-trade-in-services-by-subnational-areas-of-the-uk#concept-scheme/location/statistical-geographies,236,,E47000007
West of England,http://statistics.data.gov.uk/id/statistical-geography/E47000009,http://gss-data.org.uk/data/gss_data/trade/international-trade-in-services-by-subnational-areas-of-the-uk#concept-scheme/location/statistical-geographies,237,,E47000009
